<?xml version="1.0" encoding="UTF-8"?>
<project-private xmlns="http://www.netbeans.org/ns/project-private/1">
    <editor-bookmarks xmlns="http://www.netbeans.org/ns/editor-bookmarks/2" lastBookmarkId="0"/>
    <open-files xmlns="http://www.netbeans.org/ns/projectui-open-files/2">
        <group>
            <file>file:/C:/xampp/htdocs/Assignment/adminAddE.php</file>
            <file>file:/C:/xampp/htdocs/Assignment/adminAdm.php</file>
            <file>file:/C:/xampp/htdocs/Assignment/addEventDB.php</file>
            <file>file:/C:/xampp/htdocs/Assignment/validate.php</file>
            <file>file:/C:/xampp/htdocs/Assignment/login.php</file>
            <file>file:/C:/xampp/htdocs/Assignment/cssocietyDB.php</file>
            <file>file:/C:/xampp/htdocs/Assignment/addAdminDB.php</file>
            <file>file:/C:/xampp/htdocs/Assignment/delAdminDB.php</file>
            <file>file:/C:/xampp/htdocs/Assignment/delMemberDB.php</file>
            <file>file:/C:/xampp/htdocs/Assignment/adminMain.php</file>
            <file>file:/C:/xampp/htdocs/Assignment/eventDisplay.php</file>
            <file>file:/C:/xampp/htdocs/Assignment/event.php</file>
            <file>file:/C:/xampp/htdocs/Assignment/editAdminDB.php</file>
            <file>file:/C:/xampp/htdocs/Assignment/adminMember.php</file>
            <file>file:/C:/xampp/htdocs/Assignment/connection.php</file>
            <file>file:/C:/xampp/htdocs/Assignment/eventJoin.php</file>
            <file>file:/C:/xampp/htdocs/Assignment/editEventDB.php</file>
            <file>file:/C:/xampp/htdocs/Assignment/delEventDB.php</file>
            <file>file:/C:/xampp/htdocs/Assignment/editMemberDB.php</file>
            <file>file:/C:/xampp/htdocs/Assignment/adminEditE.php</file>
        </group>
    </open-files>
</project-private>
